,bci_iv_2a__transductive_unlabeled_all,bci_iv_2a__online_prefix_unlabeled,bci_iv_2b__transductive_unlabeled_all,bci_iv_2b__online_prefix_unlabeled
identity,0.352431,0.352431,0.708834,0.708834
ea,0.488812,0.425154,0.727390,0.692868
ra,0.502315,0.439236,0.729226,0.698753
coral,0.502315,0.439236,0.729226,0.698753
tl_center_scale,0.508488,0.448302,0.726772,0.698190
