dataset,target_data_usage,model,target_variant,baseline_variant,n_subjects,acc_mean_target,acc_mean_baseline,delta_mean,p_value,effect_rank_biserial,neg_transfer_ratio,p_holm
physionet_mi,transductive_unlabeled_all,csp_lda,ifsa_final_v2,identity,109,0.6754339978386332,0.6173192921140773,0.058114705724556036,1.5774071875590215e-08,0.6854700854700855,0.1743119266055046,7.887035937795107e-08
physionet_mi,transductive_unlabeled_all,csp_lda,ifsa_final_v2,ra,109,0.6754339978386332,0.6753029362396817,0.00013106159895150878,0.9278444262745715,-0.01746031746031746,0.1743119266055046,1.0
physionet_mi,transductive_unlabeled_all,csp_lda,ifsa_final_v2,coral,109,0.6754339978386332,0.6753029362396819,0.00013106159895150777,0.856600531501949,-0.03968253968253968,0.13761467889908258,1.0
physionet_mi,transductive_unlabeled_all,csp_lda,ifsa_final_v2,ra_riemann,109,0.6754339978386332,0.6851478850030274,-0.00971388716439416,0.019256637305987784,-0.30030864197530865,0.48623853211009177,0.07702654922395114
physionet_mi,transductive_unlabeled_all,csp_lda,ifsa_final_v2,ea,109,0.6754339978386332,0.6884872732289438,-0.013053275390310632,0.034375297696583026,-0.2564102564102564,0.5229357798165137,0.10312589308974908
