dataset,target_data_usage,model,method,variant,acc_mean,acc_std,runtime_sec_sum,baseline_variant,baseline_acc_mean,p_value,p_holm,effect_rank_biserial,neg_transfer_ratio,p_vs_ea,p_holm_vs_ea,effect_vs_ea,p_vs_tsa,p_holm_vs_tsa,effect_vs_tsa
physionet_mi,transductive_unlabeled_all,csp_lda,identity,identity,0.6173192921140773,0.14445219783178273,19072.592990599573,identity,0.6173192921140773,,,,,,,,,,
physionet_mi,transductive_unlabeled_all,csp_lda,ea,ea,0.6884872732289438,0.15047933523883406,21313.056044954807,identity,0.6173192921140773,1.7189894198741562e-11,8.594947099370781e-11,0.7705299941758882,0.14678899082568808,,,,,,
physionet_mi,transductive_unlabeled_all,csp_lda,ra,ra,0.6753029362396817,0.1552433352604885,22660.2719750409,identity,0.6173192921140773,5.0028646149972613e-08,1.0005729229994523e-07,0.6275247524752475,0.22935779816513763,,,,,,
physionet_mi,transductive_unlabeled_all,csp_lda,ra_riemann,ra_riemann,0.6851478850030274,0.1536998574143581,34983.20589685952,identity,0.6173192921140773,6.884896290107933e-11,2.7539585160431734e-10,0.7401045556385362,0.1559633027522936,,,,,,
physionet_mi,transductive_unlabeled_all,csp_lda,coral,coral,0.6753029362396819,0.15591929621884887,22736.18353656074,identity,0.6173192921140773,5.9518549340750803e-08,1.0005729229994523e-07,0.623960396039604,0.22935779816513763,,,,,,
physionet_mi,transductive_unlabeled_all,csp_lda,ifsa,ifsa_final_v2,0.6754339978386332,0.16156195193622103,148398.01786337513,identity,0.6173192921140773,1.5774071875590215e-08,4.732221562677065e-08,0.6854700854700855,0.1743119266055046,,,,,,
physionet_mi,transductive_unlabeled_all,tangent_lda,tsa,tsa,0.5773558514022058,0.11900587971268839,24714.373059327714,,,,,,,,,,,,
physionet_mi,transductive_unlabeled_all,tangent_lda,tsa_ss,tsa_ss,0.5763939665677956,0.1186339561891821,24738.142720039934,,,,,,,,,,0.8589592690527521,0.8589592690527521,-0.04
