dataset,target_data_usage,model,target_variant,baseline_variant,n_subjects,acc_mean_target,acc_mean_baseline,delta_mean,p_value,effect_rank_biserial,neg_transfer_ratio,p_holm
bci_iv_2a,online_prefix_unlabeled,csp_lda,ifsa_final_v2,identity,9,0.4662422839506173,0.41550925925925924,0.05073302469135803,0.12890625,0.6,0.2222222222222222,0.64453125
bci_iv_2a,online_prefix_unlabeled,csp_lda,ifsa_final_v2,ea,9,0.4662422839506173,0.4598765432098766,0.006365740740740737,0.9375,0.044444444444444446,0.4444444444444444,1.0
bci_iv_2a,online_prefix_unlabeled,csp_lda,ifsa_final_v2,coral,9,0.4662422839506173,0.4710648148148149,-0.004822530864197532,1.0,-1.0,0.1111111111111111,1.0
bci_iv_2a,online_prefix_unlabeled,csp_lda,ifsa_final_v2,ra,9,0.4662422839506173,0.47183641975308643,-0.005594135802469135,0.3125,-0.4642857142857143,0.5555555555555556,1.0
bci_iv_2a,online_prefix_unlabeled,csp_lda,ifsa_final_v2,ra_riemann,9,0.4662422839506173,0.47337962962962965,-0.007137345679012345,0.2890625,-0.4222222222222222,0.7777777777777778,1.0
